food_name,dairy,gluten,fodmap,keto,meat,fruit,vegetable,grains,fish_seafood,legume,sugar_syrup,acohols,fried_high_fat,raw
ginger lemon tea,0,0,0,1,0,1,0,0,0,0,0,0,0,0
iced latte,1,0,1,0,0,0,0,0,0,0,1,0,0,0
muffin,1,1,1,0,0,0,0,1,0,0,1,0,0,0
pho,0,0,1,0,1,0,1,1,0,0,0,0,0,0
coffee,0,0,0,1,0,0,0,0,0,0,0,0,0,0
honey bunches of oats with almonds,0,1,1,0,0,0,0,1,0,0,1,0,0,0
pasta,0,1,1,0,0,0,0,1,0,0,0,0,0,0
ice cream,1,0,1,0,0,0,0,0,0,0,1,0,1,0
mint tea,0,0,0,1,0,0,0,0,0,0,0,0,0,0
noodle dish,0,1,1,0,0,0,0,1,0,0,0,0,1,0
clif bar,0,0,1,0,0,1,0,1,0,0,1,0,0,0
chicken rice soup,0,0,0,0,1,0,0,1,0,0,0,0,0,0
smoothie,depends,0,depends,1,0,1,0,0,0,0,0,0,0,1
avocado sandwich,0,1,1,0,0,1,1,1,0,0,0,0,0,1
whiskey ,0,0,0,0,0,0,0,0,0,0,0,1,0,0
white wine,0,0,0,0,0,0,0,0,0,0,0,1,0,0
red wine,0,0,0,0,0,0,0,0,0,0,0,1,0,0
chipotle burrito,1,1,1,0,1,0,1,1,0,1,0,0,0,1
cheese,1,0,1,1,0,0,0,0,0,0,0,0,1,0
crackers,0,1,1,0,0,0,0,1,0,0,0,0,0,0
my quinoa dish,0,0,,0,0,0,1,1,0,0,0,0,0,0
hot sauce,0,0,depends,1,0,0,0,0,0,0,0,0,0,0
beer,0,1,1,0,0,0,0,0,0,0,0,1,0,0
tequila,0,0,0,0,0,0,0,0,0,0,0,1,0,0
soda,0,0,1,0,0,0,0,0,0,0,1,0,0,0
iced mocha,1,0,1,0,0,0,0,0,0,0,1,0,0,0
pancakes,1,1,1,0,0,0,0,1,0,0,0,0,0,0
eggs benedict,1,1,0,0,0,0,0,1,0,0,0,0,0,0
pizza,1,1,1,0,0,0,1,1,0,0,0,0,1,0
bread,0,1,1,0,0,0,0,1,0,0,0,0,0,0
egg,0,0,0,1,0,0,0,0,0,0,0,0,0,0
hummus,0,0,1,0,0,0,0,0,0,1,0,0,0,1
beef kebab,0,0,0,1,1,0,0,0,0,0,0,0,0,0
schnitzel,0,1,1,1,1,0,0,0,0,0,0,0,1,0
stuffed grape leaves,0,0,0,0,0,0,1,1,0,0,0,0,0,0
avocado,0,0,1,1,0,1,1,0,0,0,0,0,0,1
sandwich,1,1,1,0,1,0,1,1,0,0,0,0,0,1
ham,0,0,0,1,1,0,0,0,0,0,0,0,0,0
sausage,0,0,1,1,1,0,0,0,0,0,0,0,1,0
soylent,0,0,1,0,0,0,0,0,0,1,0,0,0,0
whey protein,1,0,1,1,0,0,0,0,0,0,0,0,0,0
beef curry,0,0,1,0,1,0,1,0,0,0,0,0,1,0
crab fried rice,0,1,1,0,0,0,0,1,0,1,0,0,1,0
pad thai,0,1,1,0,1,0,1,1,0,1,0,0,1,0
doritos,0,1,1,0,0,0,0,1,0,0,0,0,0,0
lactose-free milk,1,0,1,0,0,0,0,0,0,0,0,0,0,0
honey bunches of oats,0,1,1,0,0,0,0,1,0,0,1,0,0,0
tea leaf salad,0,1,1,0,0,0,1,0,0,0,0,0,0,1
ginger beer,0,1,1,0,0,0,0,0,0,0,0,1,0,0
vodka,0,0,0,0,0,0,0,0,0,0,0,1,0,0
meatball sandwich,1,1,1,0,1,0,0,1,0,0,0,0,0,0
salmon,0,0,0,1,0,0,0,0,0,1,0,0,0,0
cookies,1,1,1,0,0,0,0,1,0,0,1,0,0,0
bell pepper,0,0,0,1,0,0,1,0,0,0,0,0,0,1
squash,0,0,0,1,0,0,1,0,0,0,0,0,0,1
oatmeal,0,0,0,0,0,0,0,1,0,0,0,0,0,0
bagel sandwich,1,1,1,0,0,0,0,1,0,0,0,0,0,0
banana,0,0,1,0,0,1,0,0,0,0,0,0,0,1
peach,0,0,1,0,0,1,0,0,0,0,0,0,0,1
egg mcmuffin,1,0,1,0,1,0,0,1,0,0,0,0,1,0
chocolate,1,0,0,0,0,0,0,0,0,0,0,0,0,0
blueberries ,0,0,0,1,0,1,0,0,0,0,0,0,0,1
babaganoush,0,0,0,0,0,0,1,0,0,0,0,0,0,0
israeli salad,,1,,0,,,,,,,0,0,,1
lasagna,1,1,1,0,1,0,1,1,0,0,0,0,0,0
pickle,0,0,0,1,0,0,1,0,0,0,0,0,0,1
mcflurry,1,0,1,0,0,0,0,0,0,0,1,0,1,0
coco rice crispy cereal,,1,0,0,0,0,0,1,0,0,1,0,0,0
tacos,1,0,1,0,1,0,1,1,1,1,0,0,1,0
starbucks frappuccino,1,0,1,0,0,0,0,0,0,0,1,0,0,0
strawberries,0,0,0,1,0,1,0,0,0,0,0,0,0,1
cake,1,1,1,0,0,0,0,1,0,0,1,0,0,0
potato,0,0,0,0,0,0,1,0,0,0,0,0,0,0
potato fries,0,0,0,0,0,0,1,0,0,0,0,0,1,0
steak,0,0,0,1,1,0,0,0,0,0,0,0,0,0
cheesecake,1,1,1,0,0,0,0,1,0,0,0,0,0,0
eggplant,0,0,0,1,0,0,1,0,0,0,0,0,0,
lettuce,0,0,0,1,0,0,1,0,0,0,0,0,0,1
mayo,0,0,0,0,0,0,0,0,0,0,0,0,0,0
tomato,0,0,0,1,0,1,1,0,0,0,0,0,0,1
mushroom,0,0,1,1,0,0,1,0,0,0,0,0,0,0
olive oil,0,0,0,1,0,0,0,0,0,0,0,0,1,0
chicken,0,0,0,1,1,0,0,0,0,0,0,0,0,0
chili sauce,0,0.5,,0,0,0,0,0,0,0,0,0,0,0
orange juice,0,0,1,0,0,1,0,0,0,0,0,0,0,
croissant,1,1,1,0,0,0,0,1,0,0,0,0,1,0
soup,,,,0,1,0,1,1,0,0,0,0,0,0
beef,0,0,0,1,1,0,0,0,0,0,0,0,0,0
ginger ale,0,0,0,0,0,0,0,0,0,0,1,0,0,0
sour cream,1,0,1,1,0,0,0,0,0,0,0,0,0,0
potatoes,0,0,0,0,0,0,1,0,0,0,0,0,0,0
kiwi,0,0,0,0,0,1,0,0,0,0,0,0,0,1
champagne,0,0,,0,0,0,0,0,0,0,0,0,0,0
watermelon,0,0,1,1,0,1,0,0,0,0,0,0,0,1
carrot soup,0,0,0,0,0,0,1,0,0,0,0,0,0,0
risotto,1,0,1,0,0,0,0,1,0,0,0,0,0,0
shrimp,0,0,0,1,0,0,0,0,1,0,0,0,0,0
rice,0,0,0,0,0,0,0,1,0,0,0,0,0,0
curry,0,,1,0,1,0,0,1,0,0,0,0,0,0
smoked salmon,0,0,0,1,0,0,0,0,0,1,0,0,1,0
cream cheese,1,0,1,1,0,0,0,0,0,0,0,0,1,0
bacon,0,0,0,1,1,0,0,0,0,0,0,0,0,0
bagel,0,1,1,0,0,0,0,1,0,0,0,0,0,0
hot chocolate,1,0,0,0,0,0,0,0,0,0,1,0,0,0
sauerkraut,,0,1,1,0,0,1,0,0,0,0,0,0,1
waffle,,1,1,0,0,0,0,1,0,0,0,0,0,0
whipped cream,1,0,0,1,0,0,0,0,0,0,0,0,1,0
gravy,1,1,1,0,1,0,0,0,0,0,0,0,0,0
pork,0,0,0,1,1,0,0,0,0,0,0,0,0,0
sorbet,0,0,0,0,0,0,0,0,0,0,1,0,0,0
milk,1,0,1,0,0,0,0,0,0,0,0,0,0,0
sugar,0,0,0,0,0,0,0,0,0,0,1,0,0,0
salami,0,0,0,1,1,0,0,0,0,0,0,0,1,0
gnocchi,1,1,1,0,0,0,0,1,0,0,0,0,0,0
la croix water sparkling can natrl,0,0,0,1,0,0,0,0,0,0,0,0,0,0
dates,0,0,0,0,0,1,0,0,0,0,0,0,0,1
matzah ,0,1,1,0,0,0,0,1,0,0,0,0,0,0
chocolate ,1,0,0,0,0,0,0,0,0,0,1,0,0,0
rice ,0,0,0,0,0,0,0,1,0,0,0,0,0,0
lamb,0,0,0,0,1,0,0,0,0,0,0,0,0,0
bamba,,,,,,,,,,,,,,
beets,0,0,0,0,0,0,1,0,0,0,0,0,0,1
wine,0,0,0,0,0,0,0,0,0,0,0,1,0,0
egg sandwich,1,1,1,0,0,0,0,1,0,0,0,0,0,0
cheeseburger ,1,1,1,0,1,0,0,1,0,0,0,0,1,0
peanut butter panda puffs,0,0,0,0,0,0,0,1,0,1,0,0,0,0
peanut butter,0,0,0,1,0,0,0,0,0,1,0,0,0,0
skydeck salad,,,,,,,,,,,,0,,
kc masterpiece original barbecue sauce,0,0,0,0,0,0,0,0,0,0,0,0,0,0
pork rib,0,0,0,1,1,0,0,0,0,0,0,0,1,0
mac and cheese,1,1,1,0,0,0,0,1,0,0,0,0,1,0
jolly time popcorn,0,0,0,0,0,0,0,1,0,0,0,0,0,0
beans,0,0,1,0,0,0,0,0,0,1,0,0,0,0
coke classic,0,0,1,0,0,0,0,0,0,0,1,0,0,0
panda puffs,0,0,0,0,0,0,0,1,0,0,0,0,0,0
eggs,0,0,0,1,0,0,0,0,0,0,0,0,0,0
bibimbap,0,1,1,0,1,0,1,1,0,0,0,0,0,1
tomato sauce,0,0,0,0,0,1,1,0,0,0,0,0,0,0
dim sum,0,1,1,0,1,0,1,1,1,0,0,0,1,0
wings,0,1,1,1,1,0,0,0,0,0,0,0,1,0
green beans,0,0,0,1,0,0,1,0,0,0,0,0,0,
dumplings,0,1,1,0,1,0,1,1,1,0,0,0,1,0
meatballs,1,1,1,1,1,0,0,0,0,0,0,0,0,0
sushi,0,0,0,0,0,0,0,1,0,1,0,0,0,
yogurt,1,0,1,0,0,0,0,0,0,0,0,0,0,0
saucy asian bowl,0,1,1,0,,,,,,,0,0,,0
zucchini ,0,0,0,1,0,0,1,0,0,0,0,0,0,1
pita chips,0,1,1,0,0,0,0,1,0,0,0,0,0,0
burger,0,1,1,0,1,0,0,1,0,0,0,0,1,0
kebab sandwich,0,1,1,0,1,0,0,1,0,0,0,0,1,1
white bread,0,1,1,0,0,0,0,1,0,0,0,0,0,0
toast,0,1,1,0,0,0,0,1,0,0,0,0,0,0
protein shake,,0,depends,1,0,0,0,0,0,0,0,0,0,0
spinach,0,0,0,1,0,0,1,0,0,0,0,0,0,1
pad kee mau ,,1,0,0,1,0,1,1,1,0,0,0,1,0
thai iced tea,1,0,1,0,0,0,0,0,0,0,1,0,0,0
shawarma wrap,1,1,1,0,1,0,1,1,0,0,0,0,1,1
lemon,0,0,0,1,0,1,0,0,0,0,0,0,0,1
honey,0,0,1,0,0,0,0,0,0,0,1,0,0,0
ginger,0,0,0,1,0,0,1,0,0,0,0,0,0,1
broth,0,0,0,1,1,0,0,0,0,0,0,0,0,0
rice noodle,0,0,0,0,0,0,0,1,0,0,0,0,0,0
onion,0,0,1,1,0,0,1,0,0,0,0,0,0,1
almonds,0,0,0,1,0,0,0,0,0,0,0,0,0,1
corn,0,0,0,0,0,0,0,1,0,0,0,0,0,1
whole grain rolled oats,0,0,0,0,0,0,0,1,0,0,0,0,0,0
brown sugar,0,0,0,0,0,0,0,0,0,0,1,0,0,0
whole grain wheat,0,1,1,0,0,0,0,1,0,0,0,0,0,0
wheat flour,0,1,1,0,0,0,0,1,0,0,0,0,0,0
malted barley flour,0,1,1,0,0,0,0,1,0,0,0,0,0,0
salt,0,0,0,1,0,0,0,0,0,0,0,0,0,0
canola oil,0,0,0,1,0,0,0,0,0,0,0,0,0,0
corn syrup,0,0,1,0,0,0,0,1,0,0,1,0,0,0
tomato sauce ,0,0,0,0,0,1,1,0,0,0,0,0,0,0
thai sauce,0,0,1,0,0,0,0,0,0,0,0,0,0,0
soy protein isolate,0,0,0,1,0,0,0,0,0,0,0,0,0,0
cocoa,0,0,0,1,0,0,0,0,0,0,0,0,0,0
organic cane syrup,0,0,0,0,0,0,0,0,0,0,1,0,0,0
cane sugar,0,0,0,0,0,0,0,0,0,0,1,0,0,0
organic brown rice syrup,0,0,0,0,0,0,0,0,0,0,1,0,0,0
unsweetened chocolate,0,0,0,1,0,0,0,0,0,0,0,0,0,0
organic soy flour,0,0,1,1,0,0,0,0,0,1,0,0,0,0
organic roasted soybeans,0,0,1,1,0,0,0,0,0,1,0,0,0,0
rice flour,0,0,0,0,0,0,0,1,0,0,0,0,0,0
organic oat fiber,0,0,0,1,0,0,0,1,0,0,0,0,0,0
organic rolled oats,0,0,0,0,0,0,0,1,0,0,0,0,0,0
organic high oleic sunflower oil,0,0,0,1,0,0,0,0,0,0,0,0,0,0
carrot puree,0,0,0,1,0,0,1,0,0,0,0,0,0,1
sodium phosphate,0,0,0,1,0,0,0,0,0,0,0,0,0,0
cooked white chicken meat,0,0,0,1,1,0,0,0,0,0,0,0,0,0
sea salt,0,0,0,1,0,0,0,0,0,0,0,0,0,0
garlic powder,0,0,1,1,0,0,0,0,0,0,0,0,0,0
potassium chloride,0,0,0,1,0,0,0,0,0,0,0,0,0,0
corn protein (hydrolyzed),0,0,0,0,0,0,0,1,0,0,0,0,0,0
natural flavor,0,0,0,1,0,0,0,0,0,0,0,0,0,0
onion powder,0,0,1,1,0,0,1,0,0,0,0,0,0,0
tomatoes,0,0,0,1,0,1,1,0,0,0,0,0,0,1
modified food starch,0,0,0,0,0,0,0,0,0,0,0,0,0,0
wild rice,0,0,0,0,0,0,0,1,0,0,0,0,0,0
yeast extract,0,0,0,1,0,0,0,0,0,0,0,0,0,0
celery,0,0,1,1,0,0,1,0,0,0,0,0,0,1
carrots,0,0,0,1,0,0,1,0,0,0,0,0,0,1
chicken fat,0,0,0,1,1,0,0,0,0,0,0,0,1,0
maltodextrin,0,0,0,0,0,0,0,0,0,0,0,0,0,0
parsley,0,0,0,1,0,0,1,0,0,0,0,0,0,1
chicken broth,0,0,0,1,1,0,0,0,0,0,0,0,0,0
whey protein isolate ,1,0,1,1,0,0,0,0,0,0,0,0,0,0
apricot,0,0,1,0,0,1,0,0,0,0,0,0,0,1
salsa,0,0,1,1,0,1,1,0,0,0,0,0,0,1
flour tortilla ,0,1,1,0,0,0,0,1,0,0,0,0,0,0
quinoa,0,0,0,0,0,0,0,2,0,0,0,0,0,0
maple syrup,0,0,0,0,0,0,0,0,0,0,1,0,0,0
cream,1,0,0,1,0,0,0,0,0,0,0,0,0,0
lox,0,0,0,1,0,0,0,0,1,0,0,0,0,0
ricotta cheese,1,0,1,1,0,0,0,0,0,0,0,0,0,0
pear,0,0,1,0,0,1,0,0,0,0,0,0,0,1
pepperoni,0,0,0,1,1,0,0,0,0,0,0,0,0,0
grape leaves,0,0,0,1,0,0,1,0,0,0,0,0,0,1
pastrami,0,0,0,1,1,0,0,0,0,0,0,0,0,0
provolone cheese,1,0,0,1,0,0,0,0,0,0,0,0,0,0
filtered water,0,0,0,1,0,0,0,0,0,0,0,0,0,0
thiamin hydrochloride,0,0,0,1,0,0,0,0,0,0,0,0,0,0
sodium selenite,0,0,0,1,0,0,0,0,0,0,0,0,0,0
phytonadione,0,0,0,1,0,0,0,0,0,0,0,0,0,0
sucralose,0,0,0,1,0,0,0,0,0,0,0,0,0,0
copper gluconate,0,0,0,1,0,0,0,0,0,0,0,0,0,0
soluble corn fiber,0,0,0,,0,0,0,0,0,0,0,0,0,0
choline chloride,0,0,0,1,0,0,0,0,0,0,0,0,0,0
dl-alpha-tocopheryl acetate,0,0,0,1,0,0,0,0,0,0,0,0,0,0
d-calcium pantothenate,0,0,0,1,0,0,0,0,0,0,0,0,0,0
manganese sulfate,0,0,0,1,0,0,0,0,0,0,0,0,0,0
riboflavin,0,0,0,1,0,0,0,0,0,0,0,0,0,0
high oleic sunflower oil,0,0,0,1,0,0,0,0,0,0,0,0,0,0
vitamin d,0,0,0,1,0,0,0,0,0,0,0,0,0,0
chromium chloride,0,0,0,1,0,0,0,0,0,0,0,0,0,0
zinc oxide,0,0,0,1,0,0,0,0,0,0,0,0,0,0
cellulose,0,0,0,1,0,0,0,0,0,0,0,0,0,0
sodium molybdate,0,0,0,1,0,0,0,0,0,0,0,0,0,0
tricalcium phosphate,0,0,0,1,0,0,0,0,0,0,0,0,0,0
vitamin a palmitate,0,0,0,1,0,0,0,0,0,0,0,0,0,0
gellan gum,0,0,0,1,0,0,0,0,0,0,0,0,0,0
folic acid,0,0,0,1,0,0,0,0,0,0,0,0,0,0
magnesium phosphate,0,0,0,1,0,0,0,0,0,0,0,0,0,0
biotin,0,0,0,1,0,0,0,0,0,0,0,0,0,0
isomaltulose,0,0,0,1,0,0,0,0,0,0,0,0,0,0
ascorbic acid,0,0,0,1,0,0,0,0,0,0,0,0,0,0
potassium iodide,0,0,0,1,0,0,0,0,0,0,0,0,0,0
ferrous bisglycinate,0,0,0,1,0,0,0,0,0,0,0,0,0,0
niacinamide,0,0,0,1,0,0,0,0,0,0,0,0,0,0
natural and artificial flavors,0,0,0,1,0,0,0,0,0,0,0,0,0,0
soy lecithin,0,0,0,1,0,0,0,0,0,0,0,0,0,0
pyridoxine hydrochloride,0,0,0,1,0,0,0,0,0,0,0,0,0,0
alkalized cocoa powder,0,0,0,1,0,0,0,0,0,0,0,0,0,0
carrot,0,0,0,1,0,0,1,0,0,0,0,0,0,1
eggplant ,0,0,0,1,0,0,1,0,0,0,0,0,0,1
peanut sauce,0,1,0,0,0,0,0,0,0,1,0,0,1,0
rice noddle,0,0,0,0,0,0,0,1,0,0,0,0,0,0
crab,0,0,0,1,0,0,0,0,1,0,0,0,0,0
oats,0,0,0,0,0,0,0,1,0,0,0,0,0,0
cucumber,0,0,0,1,0,0,1,0,0,0,0,0,0,1
oreo cookies,0,1,0,0,0,0,0,1,0,0,1,0,0,0
cacao powder,0,0,0,1,0,0,0,0,0,0,0,0,0,0
corn tortilla,0,0,0,0,0,0,0,1,0,0,0,0,0,0
carbonated water,0,0,0,1,0,0,0,0,0,0,0,0,0,0
matzah ball,0,1,1,0,0,0,0,1,0,0,0,0,0,0
broccoli,0,0,0,1,0,0,1,0,0,0,0,0,0,0
peas,0,0,1,0,0,0,1,0,0,0,0,0,0,0
red onion,0,0,1,1,0,0,1,0,0,0,0,0,0,1
parmesan cheese,1,0,0,1,0,0,0,0,0,0,0,0,1,0
arugula ,0,0,0,1,0,0,1,0,0,0,0,0,0,1
"tomato puree (water, tomato paste)",0,0,0,1,0,1,1,0,0,0,0,0,0,0
molasses,0,0,1,0,0,0,0,0,0,0,1,0,0,0
spices,0,0,0,1,0,0,0,0,0,0,0,0,0,0
natural flavors,0,0,0,1,0,0,1,0,0,0,0,0,0,0
dried onion,0,0,1,1,0,0,0,0,0,0,0,0,0,0
caramel color,0,1,0,1,0,0,0,0,0,0,0,0,0,0
paprika extracts,0,0,0,1,0,0,0,0,0,0,0,0,0,0
high fructose corn syrup,0,0,1,1,0,0,0,0,0,0,1,0,0,0
vinegar,0,0,0,1,0,0,0,0,0,0,0,0,0,0
natural hickory smoke flavor,0,0,0,1,0,0,0,0,0,0,0,0,0,0
xanthan gum,0,0,0,1,0,0,0,0,0,0,0,0,0,0
dried garlic,0,0,1,1,0,0,0,0,0,0,0,0,0,0
turmeric,0,0,0,1,0,0,0,0,0,0,0,0,0,0
tricalcium phosphate,0,0,0,1,0,0,0,0,0,0,0,0,0,0
yellow 5 lake,0,0,0,1,0,0,0,0,0,0,0,0,0,0
phosphoric acid,0,0,0,1,0,0,0,0,0,0,0,0,0,0
caffeine,0,0,0,1,0,0,0,0,0,0,0,0,0,0
soy sauce,0,1,0,1,0,0,0,0,0,0,0,0,0,0
turkey,0,0,0,1,1,0,0,0,0,0,0,0,0,0
cabbage,0,0,0,1,0,0,1,0,0,0,0,0,0,1
doe,,,,,,,,,,,0,0,,
fish,0,0,0,1,0,0,0,0,1,0,0,0,0,0
tuna,0,0,0,1,0,0,0,0,1,0,0,0,0,0
kimchi,0,0,,1,0,0,1,0,0,0,0,0,0,1
onion,0,0,1,1,0,0,1,0,0,0,0,0,0,1
spicy sauce,0,1,1,0,0,0,0,0,0,0,0,0,0,0
glass noodle,0,0,0,0,0,0,0,1,0,0,0,0,0,0
nutella,1,0,1,0,0,0,0,0,0,0,1,0,0,0
chili,0,0,0,,0,0,0,0,0,0,0,0,0,0
duck,0,0,0,1,1,0,0,0,0,0,0,0,1,0
garlic,0,0,1,1,0,0,1,0,0,0,0,0,0,1
rice noodles,0,0,0,0,0,0,0,1,0,0,0,0,0,0
tea,0,0,0,1,0,0,0,0,0,0,0,0,0,0
walnuts,0,0,0,1,0,0,0,0,0,0,0,0,0,0
cashew milk,0,0,0,1,0,0,0,0,0,0,0,0,0,0
honey,0,0,0,0,0,0,0,0,0,0,1,0,0,0
cinnamon,0,0,0,1,0,0,0,0,0,0,0,0,0,0
oatmeal,0,0,0,0,0,0,0,1,0,0,0,0,0,0
coffee,0,0,0,1,0,0,0,0,0,0,0,0,0,0
blackberries,0,0,1,1,0,1,0,0,0,0,0,0,0,1
thin mints,0,1,1,0,0,0,0,1,0,0,1,0,0,0
lettuce,0,0,0,1,0,0,1,0,0,0,0,0,0,1
pretzel sticks,0,1,0,,0,0,0,1,0,0,0,0,0,0
carrot,0,0,0,1,0,0,1,0,0,0,0,0,0,1
olive oil,0,0,0,1,0,0,0,0,0,0,0,0,0,0
radish,0,0,0,1,0,0,1,0,0,0,0,0,0,1
quinoa,0,0,0,0,0,0,0,1,0,0,0,0,0,0
kohlrabi,0,0,0,1,0,0,1,0,0,0,0,0,0,1
chia seeds,0,0,0,1,0,0,0,0,0,0,0,0,0,0
vinegar,0,0,0,1,0,0,0,0,0,0,0,0,0,0
raisins,0,0,1,,0,1,0,0,0,0,0,0,0,0
almonds,0,0,0,,0,0,0,0,0,0,0,0,0,0
potato,0,0,0,,0,0,1,0,0,0,0,0,0,0
mustard,0,0,0,,0,0,0,0,0,0,0,0,0,0
balsamic vinegar,0,0,0,,0,0,0,0,0,0,0,0,0,0
chicken,0,0,0,,1,0,0,0,0,0,0,0,0,0
coconut yogurt,0,0,0,,0,0,0,0,0,0,0,0,0,0
jalapeno,0,0,0,,0,0,1,0,0,0,0,0,0,1
chris mix,,,,,,,,,,,,,0,0
red pepper,0,0,0,0,0,0,1,0,0,0,0,0,0,1
chick peas,0,0,1,,0,0,0,0,0,1,0,0,0,0
lime,0,0,0,1,0,1,0,0,0,0,0,0,0,1
kale,0,0,0,1,0,0,1,0,0,0,0,0,0,1
cucumber,0,0,0,1,0,0,1,0,0,0,0,0,0,1
eggs,0,0,0,1,0,0,0,0,0,0,0,0,0,0
scone,0,1,1,,0,0,0,1,0,0,1,0,0,0
cheese,1,0,1,1,0,0,0,0,0,0,0,0,1,0
lactose,,,1,,0,0,0,0,0,0,0,0,0,0
beef,0,0,0,1,1,0,0,0,0,0,0,0,0,0
dates,0,0,1,0,0,1,0,0,0,0,0,0,0,1
flour,0,1,1,0,0,0,0,1,0,0,0,0,0,0
cocktail,0,0,0,0,0,0,0,0,0,0,0,1,0,0
eggplant,0,0,0,0,0,0,1,0,0,0,0,0,0,0
pomegranate,0,0,1,0,0,1,0,0,0,0,0,0,0,1
gnocchi,1,1,1,0,0,0,0,1,0,0,0,0,0,0
arrabiata tomato sauce,0,0,0,1,0,1,1,0,0,0,0,0,0,0
blueberry coconut yogurt,0,0,0,0,0,0,0,0,0,0,0,0,0,0
sugar,0,0,0,0,0,0,0,0,0,0,1,0,0,0
iced tea,0,0,0,1,0,0,0,0,0,0,0,0,0,0
garlic,0,0,1,1,0,0,1,0,0,0,0,0,0,0
lemon juice,0,0,0,1,0,1,0,0,0,0,0,0,0,0
hummus,0,0,1,0,0,0,0,0,0,1,0,0,0,0
chocolate,0,0,,0,0,0,0,0,0,0,1,0,0,0
raisin pecan bread,0,1,1,0,0,1,0,1,0,0,0,0,0,0
bacon,0,0,0,1,1,0,0,0,0,0,0,0,1,0
butter,1,0,0,1,0,0,0,0,0,0,0,0,1,0
raspberry coconut yogurt,0,0,0,0,0,0,0,0,0,0,0,0,0,0
tomato sauce,0,0,0,1,0,1,1,0,0,0,0,0,0,0
eggplant stir fry,0,1,1,0,0,0,1,0,0,0,0,0,1,0
cantaloupe,0,0,0,0,0,1,0,0,0,0,0,0,0,1
cake,1,1,1,0,0,0,0,1,0,0,1,0,0,0
pasta,0,1,1,0,0,0,0,1,0,0,0,0,0,0
pistachios,0,0,1,1,0,0,0,0,0,0,0,0,0,0
pork,0,0,0,1,1,0,0,0,0,0,0,0,1,0
mint,0,0,0,1,0,0,1,0,0,0,0,0,0,1
broccoli,0,0,0,1,0,0,1,0,0,0,0,0,0,0
caesar dressing,0,0,1,,0,0,0,0,1,0,0,0,0,0
croutons,0,1,1,0,0,0,0,1,0,0,0,0,0,0
coconut orange ice cream,0,0,0,,0,0,0,0,0,0,1,0,0,0
blueberries,0,0,0,1,0,1,0,0,0,0,0,0,0,1
cheerios,0,0,0,0,0,0,0,1,0,0,0,0,0,0
avo blt,0,1,1,0,1,1,1,1,0,0,0,0,1,1
french fries,0,0,0,0,0,0,1,0,0,0,0,0,1,0
raspberry jam,0,0,0,0,0,1,0,0,0,0,1,0,0,0
maple syrup,0,0,1,0,0,0,0,0,0,0,1,0,0,0
wine,0,0,,0,0,0,0,0,0,0,0,1,0,0
cookies,1,1,1,0,0,0,0,1,0,0,1,0,0,0
taza chocolate,0,0,0,0,0,0,0,0,0,0,1,0,0,0
red cabbage,0,0,0,1,0,0,1,0,0,0,0,0,0,1
goya lentils,0,0,0,0,0,0,0,0,0,1,0,0,0,0
orange juice,0,0,1,0,0,1,0,0,0,0,0,0,0,1
summer squash,0,0,0,1,0,1,1,0,0,0,0,0,0,1
bread,0,0,1,0,0,0,0,1,0,0,0,0,0,0
zucchini,0,0,0,1,0,1,1,0,0,0,0,0,0,1
tahini sauce,0,0,0,1,0,0,0,0,0,0,0,0,0,0
kind bar,0,0,1,,0,1,0,1,0,0,0,0,0,0
raspberries,0,0,0,1,0,1,0,0,0,0,0,0,0,0
orange bread,0,1,1,0,0,1,0,1,0,0,1,0,0,0
18 rabbits bar,0,0,0,0,0,1,0,1,0,0,0,0,0,0
cucumber salad,0,0,0,1,0,0,1,0,0,0,0,0,0,1
jalapeno chips,0,0,1,0,0,0,1,0,0,0,0,0,0,0
egg,0,0,0,1,0,0,0,0,0,0,0,0,1,0
honey roasted peanuts,0,0,0,0,0,0,0,0,0,1,1,0,1,0
marshmallow,0,0,1,0,0,0,0,0,0,0,1,0,0,0
avocado,0,0,1,1,0,1,1,0,0,0,0,0,1,1
guacamole,0,0,1,1,0,1,1,0,0,0,0,0,0,1
green valley blueberry yogurt lactose free,0,0,1,0,0,0,0,0,0,0,0,0,0,0
lavender biscuit,1,1,1,0,0,0,0,1,0,0,1,0,0,0
belgian waffle,1,1,1,0,0,0,0,1,0,0,1,0,0,0
coconut milk,0,0,0,1,0,0,0,0,0,0,0,0,0,0
strawberries,0,0,0,1,0,1,0,0,0,0,0,0,0,1
coconut redi whip,,,0,1,0,0,0,0,0,0,0,0,1,0
salami sopressata,0,0,1,1,1,0,0,0,0,0,0,0,1,0
pepperoni,0,0,1,1,1,0,0,0,0,0,0,0,1,0
spinach,0,0,0,1,0,0,1,0,0,0,0,0,0,1
peeps,0,0,1,0,0,0,0,0,0,0,1,0,0,0
pumpkin everything soup,,,,,0,0,1,0,0,0,0,0,0,0
pear,0,0,1,0,0,1,0,0,0,0,0,0,0,1
chocolate walnut scone,1,1,1,0,0,0,0,1,0,0,1,0,1,0
raisin bread,1,1,1,0,0,1,0,1,0,0,0,0,0,0
halva,,,1,0,0,0,0,1,0,0,1,0,0,0
strawberries ,0,0,0,1,0,1,0,0,0,0,0,0,0,1
moyzilla,,,,,,,,,,,,,,0
poke bowl,,,1,,0,0,1,1,1,0,0,0,0,0
pizza,1,1,1,,1,1,1,1,0,0,0,0,1,0
schweppes ginger ale,0,0,1,,0,0,0,0,0,0,0,0,0,0
turkey sandwich,1,1,1,,1,0,1,1,0,0,0,0,0,0
craisins,0,0,0,,0,1,0,0,0,0,1,0,0,0
ginger tea pukka,0,0,0,0,0,0,0,0,0,0,0,0,0,0
green beans,0,0,0,,0,0,1,0,0,0,0,0,0,0
pumpkin bread,1,1,1,,0,1,1,1,0,0,0,0,0,0
70% coffee,0,0,0,,0,0,0,0,0,0,0,0,0,0
cappicola,0,0,1,,1,0,0,0,0,0,0,0,1,0
vegetable sushi,0,0,0,,0,0,1,1,0,0,0,0,0,1
soy sauce,0,1,0,,0,0,0,0,0,0,0,0,0,0
vinegarette,,,,,,,,,,,,,1,0
cranberry orange scone,1,1,1,,0,1,0,1,0,0,0,0,0,0
hot peppers,0,0,0,,0,0,1,0,0,0,0,0,0,1
ginger lemon tea,0,0,0,,0,1,0,0,0,0,0,0,0,0
rice,0,0,0,,0,0,0,1,0,0,0,0,0,0
bangain bharta,,,,,,,,,,,,,,0
peas,0,0,0,,0,0,0,0,0,1,0,0,0,0
skittles,0,0,1,,0,0,0,0,0,0,1,0,0,0
66% coffee,0,0,0,,0,0,0,0,0,0,0,0,0,0
oat milk,0,0,1,,0,0,0,1,0,0,0,0,0,0
oat milk cappuccino ,0,0,1,,0,0,0,1,0,0,0,0,0,0
salsa,0,0,1,,0,1,1,0,0,0,0,0,0,1
corn tortillas,0,0,0,,0,0,0,1,0,0,0,0,0,0
black beans,0,0,0,,0,0,0,0,0,1,0,0,0,0
corn,0,0,0,,0,0,0,1,0,0,0,0,0,0
50% coffee,0,0,0,,0,0,0,0,0,0,0,0,0,0
powdered donut,1,1,1,,0,0,0,1,0,0,1,0,1,0
peshawar naan,,,1,,0,0,0,1,0,0,0,0,0,0
macaroon,0,0,0,,0,0,0,0,0,0,1,0,1,0
watermelon,0,0,1,,0,1,0,0,0,0,0,0,0,1
mango,0,0,1,0,0,1,0,0,0,0,0,0,0,1
turkey,0,0,0,1,1,0,0,0,0,0,0,0,0,0
sourdough bread,0,1,1,0,0,0,0,1,0,0,0,0,0,0
dill,0,0,0,1,0,0,1,0,0,0,0,0,0,0
dill rice,0,0,0,0,0,0,1,1,0,0,0,0,0,0
clementine,0,0,0,0,0,1,0,0,0,0,0,0,0,1
biscotti,1,1,1,0,0,0,0,1,0,0,1,0,0,0
pumpkin butter,0,0,0,1,0,1,1,0,0,0,1,0,0,0
baba ganoush,0,0,0,1,0,0,1,0,0,0,0,0,0,0
life cereal,0,1,1,0,0,0,0,1,0,0,0,0,0,0
fried rice,0,1,,0,0,0,1,1,0,0,0,0,1,0
meat dumplings,0,1,1,0,1,0,1,1,0,0,0,0,1,0
tofu,0,0,0,1,0,0,0,0,0,0,0,0,0,0
pizzelle,1,1,1,0,0,0,0,1,0,0,1,0,0,0
gf df cupcake,0,0,1,0,0,0,0,1,0,0,1,0,0,0
bean and kale soup,0,0,1,0,0,0,1,0,0,1,0,0,0,0
parmesan,1,0,0,1,0,0,0,0,0,0,0,0,0,0
sesame chicken,0,1,1,1,1,0,0,0,0,0,0,0,1,0
scallion pancake,0,1,1,0,0,0,0,1,0,0,0,0,0,0
flax meal,0,0,,,0,0,0,0,0,0,0,0,0,0
eggplant basil,0,1,1,0,0,0,1,0,0,0,0,0,1,0
chive pancake,0,1,1,0,0,0,1,1,0,0,0,0,1,0
onion,0,0,1,1,0,0,1,0,0,0,0,0,0,0
plain donut,1,1,1,0,0,0,0,1,0,0,1,0,1,0
smart balance,0,0,0,1,0,0,0,0,0,0,0,0,1,0
chia seed pudding,0,0,0,0,0,0,0,0,0,0,0,0,0,0
ginger tea,0,0,0,1,0,0,0,0,0,0,0,0,0,0
sweet potato,0,0,0,0,0,0,1,0,0,0,0,0,0,0
pumpkin scone,1,1,1,0,0,1,1,1,0,0,1,0,0,0
capers,0,0,0,1,0,0,1,0,0,0,0,0,0,1
40% coffee,0,0,0,1,0,0,0,0,0,0,0,0,0,0
blackberries ,0,0,1,1,0,1,0,0,0,0,0,0,0,1
30% coffee,0,0,0,1,0,0,0,0,0,0,0,0,0,0
gf df chocolate cupcake,0,0,1,0,0,0,0,0,0,0,1,0,0,0
peanuts,0,0,0,1,0,0,0,0,0,1,0,0,1,0
chicken sausage,0,0,0,1,1,0,0,0,0,0,0,0,1,0
cranberry pistachio scone,1,1,1,0,0,1,0,1,0,0,1,0,0,0
cadbury mini,1,0,1,0,0,0,0,0,0,0,1,0,1,0
potato chips jalapeno ,0,0,0,0,0,0,1,0,0,0,0,0,1,0
cupcake,1,1,1,0,0,0,0,0,0,0,0,0,1,0
pancakes,1,1,1,0,0,0,0,1,0,0,0,0,0,0
macaron,0,0,0,0,0,0,0,0,0,0,1,0,0,0
candy,0,0,1,0,0,0,0,0,0,0,1,0,0,0
red peppers,0,0,0,1,0,0,1,0,0,0,0,0,0,1
vanilla tea,0,0,0,1,0,0,0,0,0,0,0,0,0,0
vegetable dumplings,0,1,1,0,0,0,1,1,0,0,0,0,1,0
strawberry coconut yogurt,0,0,0,0,0,0,0,0,0,0,0,0,0,0
vegetables,0,0,,1,0,0,1,0,0,0,0,0,0,0
carrot dressing,,,,,0,0,1,0,0,0,0,0,0,0
cantaloupe jam,0,0,0,0,0,1,0,0,0,0,1,0,0,0
chris mix with walnuts,,,,,,,,,,,,,,0
bbq chicken tenders,0,1,1,1,1,0,0,1,0,0,0,0,1,0
turkey chili,0,0,1,0,1,0,1,0,0,1,0,0,0,0
polenta,0,0,0,0,0,0,0,1,0,0,0,0,0,0
25% coffee,0,0,0,1,0,0,0,0,0,0,0,0,0,0
escarole,0,0,0,1,0,0,1,0,0,0,0,0,0,1
coconut chocolate ice cream df,0,0,0,0,0,0,0,0,0,0,1,0,1,0
biscuit,1,1,1,0,0,0,0,1,0,0,0,0,0,0
endive,0,0,0,1,0,0,1,0,0,0,0,0,0,1
roasted potatoes,0,0,0,0,0,0,1,0,0,0,0,0,0,0
tempeh,0,1,0,0,0,0,0,0,0,0,0,0,0,0
beans,0,0,1,0,0,0,0,0,0,1,0,0,0,0
tortillas,0,1,0,0,0,0,0,1,0,0,0,0,0,0
tortilla chips,0,0,0,0,0,0,0,1,0,0,0,0,1,0
panko,0,1,1,0,0,0,0,1,0,0,0,0,0,0
marmalade,0,0,0,0,0,0,0,0,0,0,1,0,0,0
broth,0,0,1,1,1,0,1,0,0,0,0,0,0,0
gf raisin bread,1,0,1,0,0,1,0,1,0,0,0,0,0,0
pecans,0,0,0,1,0,0,0,0,0,0,0,0,1,0
chocolate chip cookie,1,1,1,0,0,0,0,1,0,0,1,0,1,0
decaffeinated coffee,0,0,0,1,0,0,0,0,0,0,0,0,0,0
chickpea pasta,0,0,1,0,0,0,0,0,0,1,0,0,0,0
gum ,0,0,0,1,0,0,0,0,0,0,1,0,0,0
tomato sauce ,0,0,0,1,0,1,1,0,0,0,0,0,0,0
honey oat kind bar,0,0,0,0,0,0,0,1,0,0,1,0,0,0
gf toast raisin,1,0,0,0,0,1,0,1,0,0,0,0,0,0
grey poupon dijon mustard,0,0,0,1,0,0,0,0,0,0,0,0,0,0
bbq sauce,0,0,0,,0,0,0,0,0,0,0,0,0,0
chips,0,0,0,0,0,0,0,1,0,0,0,0,0,0
gf lime chips,0,0,0,0,0,0,0,1,0,0,0,0,1,0
bamboo shoots,0,0,0,1,0,0,1,0,0,0,0,0,0,0
gf toast ,0,0,0,0,0,0,0,1,0,0,0,0,0,0
maple mustard,0,0,1,0,0,0,0,0,0,0,0,0,0,0
turnip,0,0,0,0,0,0,1,0,0,0,0,0,0,0
pulled pork in bbq sauce,0,0,0,1,1,0,0,0,0,0,0,0,1,0
hazelnut milk,0,0,0,0,0,0,0,0,0,0,0,0,0,0
vanilla rooibos tea,0,0,0,1,0,0,0,0,0,0,0,0,0,0
2 gf df toast,0,0,0,0,0,0,0,1,0,0,0,0,0,0
"sausage, potato, veg soup",0,0,1,0,1,0,1,0,0,0,0,0,1,0
cranberries,0,0,0,0,0,1,0,0,0,0,0,0,0,1
asparagus,0,0,1,1,0,0,1,0,0,0,0,0,0,0
banana bread,1,1,1,0,0,1,0,1,0,0,1,0,1,0
gf df cookie,0,0,1,0,0,0,0,1,0,0,1,0,1,0
ginger ale,0,0,1,0,0,0,0,0,0,0,0,0,0,0
df ice cream,0,0,0,0,0,0,0,0,0,0,1,0,1,0
pecan crusted chicken,0,0,0,1,1,0,0,0,0,0,0,0,1,0
watermelon jelly,0,0,1,0,0,1,0,0,0,0,1,0,0,0
crackers with milk,1,1,1,0,0,0,0,1,0,0,0,0,0,0
meatballs,1,1,1,1,1,0,1,0,0,0,0,0,1,0
cashew ice cream,0,0,0,0,0,0,0,0,0,0,1,0,0,0
pimm's cup,0,0,0,0,0,0,0,0,0,0,0,1,0,0
"luna turkey panini with roasted red pepper, chipolte mayo, caramelized onions, french fries",1,1,1,0,1,0,1,0,0,0,0,0,1,1
spicy thai dressing,0,0,,,0,0,0,0,0,0,0,0,,0
roasted red pepper,0,1,0,1,0,0,1,0,0,0,0,0,0,0
wine sauce,1,1,1,0,0,0,0,0,0,0,0,1,0,0
chicken red curry,,,,,1,0,1,0,0,0,0,0,1,0
lemon pepper,0,0,0,1,0,0,0,0,0,0,0,0,0,0
2 eggs,0,0,0,1,0,0,0,0,0,0,0,0,0,0
plum,0,0,1,0,0,1,0,0,0,0,0,0,0,1
turkey sausage,0,0,0,1,1,0,0,0,0,0,0,0,1,0
gf df fig pizza,0,0,1,0,0,1,1,1,0,0,0,0,0,0
strawberry preserves,0,0,0,0,0,1,0,0,0,0,0,1,0,0
falafel,0,0,1,0,0,0,1,0,0,1,0,0,0,0
mixed veggies,0,0,1,1,0,0,1,0,0,0,0,0,0,1
quinoa bowl chicken,0,0,0,0,1,0,0,1,0,0,0,0,0,0
rice milk,0,0,0,0,0,0,0,1,0,0,0,0,0,0
cabbage,0,0,0,1,0,0,1,0,0,0,0,0,0,1
cookie with gluten,1,1,1,0,0,0,0,1,0,0,1,0,1,0
green pepper,0,0,0,1,0,0,1,0,0,0,0,0,0,1
bean sprouts,0,0,0,1,0,0,1,0,0,0,0,0,0,1
bourbon siracha sauce,0,1,1,0,0,0,0,0,0,0,0,1,0,0
eggplant ,0,0,0,1,0,0,1,0,0,0,0,0,0,1
marshmallow ,0,0,1,0,0,0,0,0,0,0,1,0,0,0
decaf almond milk cortado,0,0,1,1,0,0,0,0,0,0,0,0,0,0
pad thai chicken,0,0,0,0,1,0,1,1,0,0,1,0,0,0
butternut squash soup,1,0,1,0,0,0,1,0,0,0,0,0,0,0
peanut butter cookie ,1,1,1,0,0,0,0,1,0,1,1,0,1,0
fried tofu,0,0,0,1,0,0,0,0,0,0,0,0,1,0
salad greens,0,0,0,1,0,0,1,0,0,0,0,0,0,1
balsamic ,0,0,0,1,0,0,0,0,0,0,0,0,0,0
beet,0,0,0,0,0,0,1,0,0,0,0,0,0,0
fried eggs,0,0,0,1,0,0,0,0,0,0,0,0,1,0
pecan,0,0,0,1,0,0,0,0,0,0,0,0,0,0
crunchy things,,,,,,,,,,,,,,0
ginger sesame dressing,0,1,,,0,0,0,0,0,0,0,0,1,0
corn chips,0,0,0,0,0,0,0,1,0,0,0,0,1,0
yellow beet,0,0,0,0,0,0,1,0,0,0,0,0,0,0
greens,0,0,0,1,0,0,1,0,0,0,0,0,0,1
gluten free pasta,0,0,0,0,0,0,0,1,0,0,0,0,0,0
cashew,0,0,0,0,0,0,0,0,0,0,0,0,1,0
milk fat,1,0,0,1,0,0,0,0,0,0,0,0,1,0
cherries,0,0,1,0,0,1,0,0,0,0,0,0,0,0
milk,1,0,1,1,0,0,0,0,0,0,0,0,0,0
parmesan ,1,0,0,1,0,0,0,0,0,0,0,0,1,0
feta,1,0,0,1,0,0,0,0,0,0,0,0,0,0
potatoes,0,0,0,0,0,0,1,0,0,0,0,0,0,0
tomato,0,0,0,1,0,1,1,0,0,0,0,0,0,0
hot pepper,0,0,0,1,0,0,1,0,0,0,0,0,0,1
dried chilies,0,0,0,1,0,0,1,0,0,0,0,0,0,0
peppers,0,0,0,1,0,0,1,0,0,0,0,0,0,1
anchovies,0,0,0,1,0,0,0,0,1,0,0,0,1,0
real bacon,0,0,0,1,1,0,0,0,0,0,0,0,1,0
oils,0,0,0,1,0,0,0,0,0,0,0,0,1,0
red beans,0,0,1,0,0,0,0,0,0,1,0,0,0,0
100 orange juice,0,0,1,0,0,1,0,0,0,0,0,0,0,1
cheddar,1,0,0,1,0,0,0,0,0,0,0,0,0,0
oranges,0,0,0,0,0,1,0,0,0,0,0,0,0,1
sesame seeds,0,0,0,1,0,0,0,0,0,0,0,0,1,0
coconut,0,0,0,1,0,0,0,0,0,0,0,0,1,0
pumpkin seed,0,0,0,1,0,0,0,0,0,0,0,0,1,0
oats,0,0,0,0,0,0,0,1,0,0,0,0,0,0
organic tapioca syrup,0,0,0,0,0,0,0,0,0,0,1,0,0,0
organic dates,0,0,1,0,0,1,0,0,0,0,0,0,0,0
cucumbers,0,0,0,1,0,0,1,0,0,0,0,0,0,0
red wine vinegar,0,0,0,1,0,0,0,0,0,0,0,0,0,0
spices,0,0,0,1,0,0,0,0,0,0,0,0,0,0
black tea,0,0,0,1,0,0,0,0,0,0,0,0,0,0
pimm's,0,0,0,0,0,0,0,0,0,0,0,1,0,0
pectin,0,0,0,0,0,0,0,0,0,0,0,0,0,0
tapioca,0,0,0,1,0,0,0,0,0,0,0,0,0,0
natural flavors,0,0,0,1,0,0,0,0,0,0,0,0,0,0
organic spices,0,0,0,1,0,0,0,0,0,0,0,0,0,0
lactic acid,0,0,0,1,0,0,0,0,0,0,0,0,0,0
salt,0,0,0,1,0,0,0,0,0,0,0,0,0,0
sugars,0,0,0,0,0,0,0,0,0,0,0,1,0,0
organic garlic,0,0,1,1,0,0,1,0,0,0,0,0,0,0
starter cultures (in beef casing),,,,,,,,,,,,,,0
flax seeds,0,0,0,1,0,0,0,0,0,0,0,0,0,0
ham stock,0,0,1,1,1,0,1,0,0,0,0,0,1,0
onions,0,0,0,1,0,0,1,0,0,0,0,0,0,1
lima beans,0,0,1,0,0,0,0,0,0,1,0,0,0,0
pumpkin,0,0,0,1,0,1,1,0,0,0,0,0,0,0
chocolate,1,0,0,0,0,0,0,0,0,0,1,0,0,0
asian noodles,,,1,0,0,0,0,1,0,0,0,0,1,0
edamame,0,0,1,1,0,0,0,0,0,1,0,0,0,0
salad,0,0,0,1,0,0,1,0,0,0,0,0,0,1
mandarin orange,0,0,0,1,0,1,0,0,0,0,0,0,0,1
pork dumplings,0,1,1,0,1,0,1,1,0,0,0,0,1,0
seaweed,0,0,0,1,0,0,1,0,0,0,0,0,0,0
chili sauce,0,0,1,1,0,0,0,0,0,0,0,0,0,0
green peppers,0,0,0,1,0,0,1,0,0,0,0,0,0,1
"sausage, potato, veg soup",0,0,1,1,1,0,1,0,0,0,0,0,1,0
high fructose corn syrup,0,0,1,0,0,0,0,0,0,0,1,0,0,0
sodium benzoate (preservative),0,0,0,1,0,0,0,0,0,0,0,0,0,0
carbonated water,0,0,0,1,0,0,0,0,0,0,0,0,0,0
citric acid,0,0,0,0,0,0,0,0,0,0,0,0,0,0
caramel color,0,0,1,1,0,0,0,0,0,0,0,0,0,0
pineapple,0,0,0,0,0,1,0,0,0,0,0,0,0,0
turkey meat,0,0,0,1,1,0,0,0,0,0,0,0,0,0
coconut oil,0,0,0,1,0,0,0,0,0,0,0,0,1,0
raisins (99%),0,0,1,0,0,1,0,0,0,0,0,0,0,0
spice,0,0,0,1,0,0,0,0,0,0,0,0,0,0
apple cider,0,0,0,0,0,1,0,0,0,0,0,0,0,0
carrots,0,0,0,1,0,0,1,0,0,0,0,0,0,1
canellini beans,0,0,1,0,0,0,0,0,0,1,0,0,0,0
vegetable broth,0,0,1,1,0,0,1,0,0,0,0,0,0,0
tomato paste,0,0,0,1,0,1,1,0,0,0,0,0,0,0
scallions,0,0,1,1,0,0,1,0,0,0,0,0,0,1
soy sauce (gluten free),0,0,0,1,0,0,0,0,0,0,0,0,0,0
chives,0,0,0,1,0,0,1,0,0,0,0,0,0,0
basil,0,0,0,1,0,0,1,0,0,0,0,0,0,1
chicken broth,0,0,1,1,1,0,1,0,0,0,0,0,0,0
gluten ,0,1,0,0,0,0,0,1,0,0,0,0,0,0
fruit pectin,0,0,1,0,0,1,0,0,0,0,0,0,0,0
tartaric acid,0,0,0,1,0,0,0,0,0,0,0,0,0,0
water,0,0,0,1,0,0,0,0,0,0,0,0,0,0
mustard seed,0,0,0,1,0,0,0,0,0,0,0,0,0,0
white wine,0,0,0,0,0,0,0,0,0,0,0,1,0,0